,Unnamed: 0,Unnamed: 1,Unnamed: 2,Unnamed: 3,Unnamed: 4,Unnamed: 5,Unnamed: 6,Unnamed: 7,Unnamed: 8,Unnamed: 9,Unnamed: 10,Unnamed: 11,Unnamed: 12,Unnamed: 13,Unnamed: 14
0,AALR3,ALLIAR,2275,"-1,60%","-20,01%","-20,21%","-2,95%",235.0,-1227,274,-10948.0,"0,00%",9.059.495,2.691.161.564,118.292.816
1,ABEV3,AMBEV S/A,1476,"20,27%","17,80%","18,68%","22,15%",165.0,1561,279,1251.0,"5,16%",451.392.914,232.473.200.721,15.750.216.851
2,AERI3,AERIS,138,"8,27%","-9,84%","-3,76%","8,65%",349.0,-1141,120,849.0,"0,00%",8.540.363,1.057.374.569,766.213.456
3,AESB3,AES BRASIL,1018,"5,22%","6,66%","11,25%","24,53%",320.0,1914,110,1897.0,"1,06%",18.947.158,6.127.620.026,601.927.311
4,AFLT3,AFLUENTE T,900,"15,05%","14,75%","52,03%","53,18%",113.0,1514,218,1427.0,"2,62%",3.663,567.762.300,63.084.700
5,AGRO3,BRASILAGRO,2489,"6,43%","6,31%","11,02%","15,40%",155.0,1794,124,1568.0,"13,01%",11.062.926,2.548.163.729,102.377.008
6,AGXY3,AGROGALAXY,764,"16,43%","1,95%","0,25%","4,55%",561.0,4509,087,414.0,"2,20%",415.358,1.305.102.916,170.824.989
7,AHEB3,SPTURIS,2000,"-229,71%","-169,47%","21,41%","27,17%",-844.0,264,-3006,156.0,"0,00%",31,170.463.876,8.543.894
8,AHEB5,SPTURIS,2200,"-229,71%","-169,47%","21,41%","27,17%",-844.0,290,-3306,156.0,"0,00%",0,170.463.876,8.543.894
9,AHEB6,SPTURIS,1931,"-229,71%","-169,47%","21,41%","27,17%",-844.0,255,-2902,156.0,"0,00%",0,170.463.876,8.543.894
10,ALLD3,ALLIED,499,"10,28%","5,06%","1,48%","4,04%",273.0,611,031,459.0,"18,54%",122.422,465.170.704,93.220.582
11,ALPA3,ALPARGATAS,860,"3,79%","2,35%","2,60%","4,81%",179.0,5413,102,3160.0,"0,00%",120.882,5.726.607.950,683.062.222
12,ALPA4,ALPARGATAS,817,"3,79%","2,35%","2,60%","4,81%",179.0,5142,097,3160.0,"0,00%",61.807.370,5.726.607.950,683.062.222
13,ALPK3,ESTAPAR,125,"4,07%","-31,92%","-14,17%","6,81%",520.0,-170,063,1979.0,"0,00%",514.840,268.033.154,214.426.523
14,ALSO3,ALIANSCSONAE,1835,"5,99%","2,83%","19,99%","42,25%",149.0,4741,134,1697.0,"2,09%",61.527.031,10.531.742.280,573.936.909
15,ALUP11,ALUPAR,2831,"13,60%","16,33%","43,40%","74,76%",263.0,499,080,606.0,"0,00%",25.788.703,8.372.287.145,879.111.254
16,ALUP3,ALUPAR,953,"13,60%","16,33%","43,40%","74,76%",263.0,504,081,606.0,"0,00%",139.550,8.372.287.145,879.111.254
17,ALUP4,ALUPAR,951,"13,60%","16,33%","43,40%","74,76%",263.0,502,081,606.0,"0,00%",234.564,8.372.287.145,879.111.254
18,AMAR3,LOJAS MARISA,071,"-8,05%","-51,97%","-14,22%","-6,84%",453.0,-062,038,-907.0,"0,00%",8.537.712,243.418.468,342.842.912
19,AMBP3,AMBIPAR,2264,"11,51%","8,35%","2,87%","18,78%",566.0,2351,197,948.0,"1,34%",22.316.395,2.556.861.712,112.935.588
20,AMER3,AMERICANAS,120,"3,63%","0,28%","0,15%","4,18%",298.0,2525,007,1134.0,"0,00%",103.869.149,1.083.035.404,902.529.503
21,ANIM3,ANIMA,242,"4,64%","0,41%","0,32%","10,61%",367.0,8533,031,1371.0,"0,00%",20.582.514,977.362.508,403.868.805
22,APER3,ALPER S.A.,2596,"4,87%","6,87%","10,86%","7,70%",169.0,1920,107,2072.0,"0,27%",1.106.525,507.821.836,19.561.704
23,APTI3,ALIPERTI,,"-14,98%","-11,47%","-60,88%","-96,49%",223.0,,,-109.0,,0,55.398.666,18.595
24,APTI4,ALIPERTI,"2.979,22","-14,98%","-11,47%","-60,88%","-96,49%",223.0,-220,027,-109.0,"0,00%",0,55.398.666,18.595
25,ARML3,ARMAC,1225,"10,13%","13,08%","15,61%","33,66%",309.0,2853,366,1698.0,"3,32%",4.806.447,4.238.696.502,346.016.041
26,ARZZ3,AREZZO CO,6891,"21,23%","19,90%","9,98%","12,99%",189.0,1797,286,1367.0,"2,66%",111.456.571,7.592.922.566,110.186.077
27,ASAI3,ASSAI,1444,"20,89%","36,63%","2,24%","5,23%",953.0,1598,500,921.0,"1,12%",244.988.190,19.497.703.802,1.350.256.496
28,ATMP3,ATMASA,104,"-110,26%","626,31%","-67,74%","-47,73%",-2388.0,-006,-009,-101.0,"0,00%",26.666,27.778.770,26.710.356
29,ATOM3,ATOMPAR,285,"47,99%","51,04%","27,93%","26,26%",157.0,677,289,469.0,"2,42%",46.999,67.843.959,23.804.898
30,AURA33,AURA 360,3900,"17,74%","21,91%","16,94%","22,45%",226.0,803,171,704.0,"0,00%",3.387.217,2.758.955.940,70.742.460
31,AURE3,AUREN,1507,"7,97%","22,05%","48,56%","25,22%",213.0,563,099,1273.0,"0,66%",56.726.658,15.070.000.000,1.000.000.000
32,AVLL3,ALPHAVILLE,320,"-23,24%","216,35%","-154,91%","-69,23%",-951.0,-017,-018,-506.0,"0,00%",34.528,71.730.541,22.415.794
33,AZEV3,AZEVEDO,141,"-87,88%","-78,42%","-20,80%","-33,17%",474.0,-136,112,-124.0,"0,00%",187.720,102.241.162,77.180.469
34,AZEV4,AZEVEDO,128,"-87,88%","-78,42%","-20,80%","-33,17%",474.0,-124,102,-124.0,"0,00%",585.779,102.241.162,77.180.469
35,AZUL4,AZUL,1215,"26,50%","3,87%","-4,53%","8,96%",-100.0,-2127,-081,1863.0,"0,00%",165.780.544,4.077.824.407,1.264.588.466
36,B3SA3,B3,1186,"16,16%","19,80%","41,80%","55,17%",234.0,1633,340,1187.0,"3,36%",534.564.028,69.013.340.000,5.819.000.000
37,BAHI3,BAHEMA,1200,"-19,66%","-96,35%","-31,94%","-13,45%",534.0,-251,329,-947.0,"0,00%",49.451,286.772.688,23.897.724
38,BALM3,BAUMER,990,"11,59%","4,29%","3,47%","11,05%",179.0,1699,072,439.0,"3,61%",256,97.510.000,9.800.000
39,BALM4,BAUMER,1000,"11,59%","4,29%","3,47%","11,05%",179.0,1717,073,439.0,"3,57%",2.118,97.510.000,9.800.000
40,BAUH3,EXCELSIOR,,"7,98%","-1,49%","-0,74%","4,16%",165.0,,,4856.0,,0,391.666.650,5.222.222
41,BAUH4,EXCELSIOR,7500,"7,98%","-1,49%","-0,74%","4,16%",165.0,-27582,428,4856.0,"0,00%",4.179,391.666.650,5.222.222
42,BBML3,BBMLOGISTICA,,"6,56%","-69,31%","-4,36%","2,14%",986.0,,,,,0,,40.760.818
43,BDLL3,BARDELLA,1140,"-46,29%","-45,76%","241,27%","-84,23%",-457.0,028,-016,-762.0,"0,00%",776,16.353.665,1.600.000
44,BDLL4,BARDELLA,950,"-46,29%","-45,76%","241,27%","-84,23%",-457.0,023,-014,-762.0,"0,00%",1.708,16.353.665,1.600.000
45,BEEF3,MINERVA,1005,"16,78%","76,32%","2,11%","7,82%",2416.0,932,574,528.0,"5,59%",110.066.535,6.103.198.240,607.283.407
46,BETP3B,BETAPART,,"-20,76%","-9,76%",,,100.0,,,,,0,,2.761.620
47,BIOM3,BIOMM,398,"-27,50%","-68,39%","-88,19%","-82,17%",286.0,-350,203,-454.0,"0,00%",93.575,323.525.540,81.287.824
48,BLAU3,BLAU,2426,"21,85%","20,88%","25,62%","32,14%",140.0,1207,239,889.0,"2,84%",8.095.396,4.352.096.960,179.393.939
49,BMKS3,BIC MONARK,38205,"5,25%","13,28%","141,77%","56,52%",114.0,662,085,21.0,"4,68%",7.549,173.737.238,454.750
50,BMOB3,BEMOBI TECH,1410,"9,45%","8,19%","5,80%","6,69%",134.0,1498,121,712.0,"1,65%",4.690.845,1.281.818.197,90.909.092
51,BOAS3,BOA VISTA,772,"9,93%","14,03%","34,13%","24,71%",120.0,1381,187,1271.0,"3,46%",9.425.898,4.111.778.111,532.613.745
52,BOBR3,BOMBRIL,100,"68,53%","-13,53%","1,54%","10,72%",-514.0,1153,-167,415.0,"0,00%",0,285.088.671,260.509.779
53,BOBR4,BOMBRIL,120,"68,53%","-13,53%","1,54%","10,72%",-514.0,1384,-201,415.0,"0,00%",19.709,285.088.671,260.509.779
54,BRAP3,BRADESPAR,2484,"48,68%","49,77%",,,104.0,262,131,272.0,"11,97%",1.521.468,10.343.612.029,393.096.610
55,BRAP4,BRADESPAR,2711,"48,68%","49,77%",,,104.0,286,143,272.0,"12,07%",62.696.891,10.343.612.029,393.096.610
56,BRBI11,BR PARTNERS,1038,"1,33%","18,72%","58,60%","27,79%",695.0,741,136,,"8,38%",803.410,,314.987.112
57,BRFS3,BRF SA,681,"-0,39%","-30,43%","-5,84%","-0,25%",551.0,-235,062,-16391.0,"0,00%",147.930.040,7.371.642.805,1.082.473.246
58,BRGE11,ALFA CONSORC,950,"2,96%","7,07%","3.335,59%","1.397,50%",180.0,551,038,-1512.0,"4,03%",225,719.654.927,73.646.388
59,BRGE12,ALFA CONSORC,980,"2,96%","7,07%","3.335,59%","1.397,50%",180.0,569,040,-1512.0,"0,00%",5.232,719.654.927,73.646.388
60,BRGE3,ALFA CONSORC,979,"2,96%","7,07%","3.335,59%","1.397,50%",180.0,568,040,-1512.0,"0,00%",1.395,719.654.927,73.646.388
61,BRGE5,ALFA CONSORC,1131,"2,96%","7,07%","3.335,59%","1.397,50%",180.0,656,046,-1512.0,"0,00%",0,719.654.927,73.646.388
62,BRGE6,ALFA CONSORC,1051,"2,96%","7,07%","3.335,59%","1.397,50%",180.0,610,043,-1512.0,"0,00%",51,719.654.927,73.646.388
63,BRGE7,ALFA CONSORC,368,"2,96%","7,07%","3.335,59%","1.397,50%",180.0,214,015,-1512.0,"12,14%",17,719.654.927,73.646.388
64,BRGE8,ALFA CONSORC,970,"2,96%","7,07%","3.335,59%","1.397,50%",180.0,563,039,-1512.0,"3,29%",214,719.654.927,73.646.388
65,BRIT3,BRISANET,218,"6,53%","4,46%","6,16%","16,91%",219.0,1613,071,988.0,"0,05%",1.179.946,979.026.917,449.094.916
66,BRKM3,BRASKEM,2071,"10,30%","-13,33%","-0,85%","4,43%",1467.0,-2012,270,872.0,"8,19%",322.471,16.418.442.834,797.207.834
67,BRKM5,BRASKEM,2045,"10,30%","-13,33%","-0,85%","4,43%",1467.0,-1987,267,872.0,"8,30%",73.273.991,16.418.442.834,797.207.834
68,BRKM6,BRASKEM,1650,"10,30%","-13,33%","-0,85%","4,43%",1467.0,-1603,215,872.0,"0,00%",1.904,16.418.442.834,797.207.834
69,BRPR3,BR PROPERT,6379,"-27,05%","-26,45%","-511,97%","-656,01%",139.0,-049,017,-23.0,"157,48%",19.859.674,740.653.697,11.610.812
70,BRQB3,BRQ,,"66,58%","57,58%","11,30%","17,63%",254.0,,,,,0,,133.186.083
71,CABI3B,CABINDA PART,,"-310,34%","-310,34%",,,169.0,,,,,0,,2.548.000
72,CALI3,CONST A LIND,940,"16,13%","42,67%","4,69%","11,81%",1276.0,500,148,609.0,"0,00%",1.933,34.977.127,3.720.971
73,CAMB3,CAMBUCI,592,"35,27%","38,33%","12,88%","20,25%",238.0,441,146,392.0,"4,36%",174.011,250.268.474,42.275.080
74,CAML3,CAMIL,743,"11,59%","16,37%","4,83%","7,83%",284.0,540,086,726.0,"4,94%",11.272.094,2.600.500.000,350.000.000
75,CASH3,MELIUZ,093,"-18,91%","-7,78%","-15,80%","-38,44%",151.0,-1384,101,-43.0,"0,00%",23.603.491,804.617.812,865.180.443
76,CASN3,CASAN,1281,"7,12%","5,21%","6,52%","16,75%",234.0,13226,654,5246.0,"0,00%",0,10.769.204.141,949.739.585
77,CASN4,CASAN,988,"7,12%","5,21%","6,52%","16,75%",234.0,10196,504,5246.0,"0,00%",0,10.769.204.141,949.739.585
78,CATA3,IND CATAGUAS,,"10,43%","14,20%","7,01%","7,80%",211.0,,,,,0,,145.307
79,CATA4,IND CATAGUAS,,"10,43%","14,20%","7,01%","7,80%",211.0,,,,,0,,145.307
80,CBAV3,CBA,623,"13,99%","19,07%","10,85%","12,83%",241.0,388,070,488.0,"6,16%",33.978.623,3.712.041.665,595.833.333
81,CBEE3,AMPLA ENERG,1220,"7,64%","-2,07%","-1,19%","9,92%",371.0,-3172,056,1030.0,"0,68%",443,2.930.561.036,240.209.921
82,CCRO3,CCR SA,1319,"26,55%","41,32%","21,96%","52,72%",451.0,633,225,469.0,"2,88%",121.490.897,26.643.800.000,2.020.000.000
83,CEAB3,CEA MODAS,306,"5,63%","0,03%","0,01%","4,34%",305.0,"1.137,79",031,526.0,"0,00%",14.537.587,943.229.908,308.245.068
84,CEBR3,CEB,1312,"24,89%","22,58%","80,09%","88,26%",129.0,366,077,80.0,"27,00%",65.684,966.003.606,72.081.915
85,CEBR5,CEB,1319,"24,89%","22,58%","80,09%","88,26%",129.0,368,077,80.0,"26,85%",18.309,966.003.606,72.081.915
86,CEBR6,CEB,1379,"24,89%","22,58%","80,09%","88,26%",129.0,385,081,80.0,"28,25%",137.959,966.003.606,72.081.915
87,CEDO3,CEDRO,685,"16,57%","-20,27%","-2,20%","5,10%",641.0,-254,057,468.0,"0,00%",122.097,52.830.930,10.000.000
88,CEDO4,CEDRO,320,"16,57%","-20,27%","-2,20%","5,10%",641.0,-118,027,468.0,"0,00%",121.986,52.830.930,10.000.000
89,CEEB3,COELBA,3800,"17,48%","25,93%","11,21%","22,91%",414.0,636,168,687.0,"16,81%",8.499,9.877.991.099,262.096.087
90,CEEB5,COELBA,3500,"17,48%","25,93%","11,21%","22,91%",414.0,585,155,687.0,"19,28%",221,9.877.991.099,262.096.087
91,CEEB6,COELBA,,"17,48%","25,93%","11,21%","22,91%",414.0,,,687.0,,0,9.877.991.099,262.096.087
92,CEED3,CEEE-D,3090,"43,95%","9,85%","-5,96%","5,69%",-251.0,-792,-077,1762.0,"0,00%",341,2.108.929.724,68.254.930
93,CEED4,CEEE-D,3000,"43,95%","9,85%","-5,96%","5,69%",-251.0,-769,-075,1762.0,"0,00%",46,2.108.929.724,68.254.930
94,CEGR3,CEG,8829,"36,20%","25,21%","4,47%","13,63%",369.0,8368,1989,2848.0,"0,00%",0,22.922.570.787,259.637.732
95,CGAS3,COMGAS,12360,"33,90%","169,46%","10,40%","15,64%",1166.0,904,1586,815.0,"9,64%",13.589,16.466.950.901,132.520.587
96,CGAS5,COMGAS,12665,"33,90%","169,46%","10,40%","15,64%",1166.0,927,1625,815.0,"10,35%",92.313,16.466.950.901,132.520.587
97,CGRA3,GRAZZIOTIN,2997,"12,09%","15,07%","17,45%","13,99%",143.0,487,070,463.0,"7,97%",37.863,567.648.400,19.346.871
98,CGRA4,GRAZZIOTIN,2889,"12,09%","15,07%","17,45%","13,99%",143.0,469,067,463.0,"8,27%",145.919,567.648.400,19.346.871
99,CIEL3,CIELO,493,"13,44%","12,70%","16,04%","25,11%",778.0,781,097,676.0,"5,10%",113.552.094,13.393.898.251,2.716.815.061
100,CLSA3,CLEARSALE,599,"-10,09%","-4,87%","-7,27%","-16,73%",125.0,-3037,151,-829.0,"0,00%",3.087.881,1.125.677.099,187.926.060
101,CLSC3,CELESC,4701,"16,09%","19,64%","5,36%","7,96%",428.0,335,063,423.0,"10,52%",10.324,1.882.383.855,38.571.591
102,CLSC4,CELESC,5001,"16,09%","19,64%","5,36%","7,96%",428.0,357,067,423.0,"10,88%",172.710,1.882.383.855,38.571.591
103,CMIG3,CEMIG,1917,"18,00%","19,85%","11,88%","16,50%",256.0,1031,194,699.0,"8,24%",4.144.831,32.381.271.560,2.201.370.688
104,CMIG4,CEMIG,1247,"18,00%","19,85%","11,88%","16,50%",256.0,670,126,699.0,"12,67%",117.754.554,32.381.271.560,2.201.370.688
105,CMIN3,CSNMINERACAO,494,"24,69%","23,24%","22,23%","35,81%",205.0,918,238,605.0,"18,65%",34.715.220,27.097.573.860,5.485.338.838
106,CMSA3,CIMS,,"-407,51%","-395,38%",,,102.0,,,,,0,,63.965.993
107,CMSA4,CIMS,,"-407,51%","-395,38%",,,102.0,,,,,0,,63.965.993
108,CNSY3,CINESYSTEM,,"7,27%","21,45%","-5,69%","7,82%",-577.0,,,,,0,,30.969.063
109,COCE3,COELCE,5700,"15,48%","17,21%","7,48%","14,30%",316.0,693,112,700.0,"0,00%",88,4.188.845.756,77.855.299
110,COCE5,COELCE,4819,"15,48%","17,21%","7,48%","14,30%",316.0,586,095,700.0,"4,03%",2.713.327,4.188.845.756,77.855.299
111,COCE6,COELCE,,"15,48%","17,21%","7,48%","14,30%",316.0,,,700.0,,0,4.188.845.756,77.855.299
112,COGN3,COGNA ON,200,"1,34%","-4,01%","-10,62%","5,96%",203.0,-694,028,3241.0,"0,00%",57.605.196,3.753.212.420,1.876.606.210
113,COMR3,COMERC PAR,,"9,81%","-1,17%","-0,60%","12,63%",439.0,,,,,0,,363.029.262
114,CORR3,COR RIBEIRO,,"341,49%","301,24%","408,67%","463,27%",654.0,,,-115.0,,0,1.756.201,23.153
115,CORR4,COR RIBEIRO,7585,"341,49%","301,24%","408,67%","463,27%",654.0,019,025,-115.0,"0,00%",0,1.756.201,23.153
116,CPFE3,CPFL ENERGIA,3358,"24,91%","30,39%","13,26%","26,00%",400.0,741,221,581.0,"9,66%",58.513.915,38.692.704.095,1.152.254.440
117,CPLE11,COPEL,3740,"8,63%","5,31%","5,24%","13,30%",229.0,1781,097,1023.0,"11,62%",10.263.569,20.061.720.215,2.736.553.750
118,CPLE3,COPEL,681,"8,63%","5,31%","5,24%","13,30%",229.0,1621,088,1023.0,"11,82%",9.460.573,20.061.720.215,2.736.553.750
119,CPLE5,COPEL,2239,"8,63%","5,31%","5,24%","13,30%",229.0,5331,290,1023.0,"3,96%",3.509,20.061.720.215,2.736.553.750
120,CPLE6,COPEL,763,"8,63%","5,31%","5,24%","13,30%",229.0,1817,099,1023.0,"11,61%",94.279.507,20.061.720.215,2.736.553.750
121,CRDE3,CR2,1499,"-9,47%","-7,81%","-185,03%","-224,94%",117.0,-481,039,-305.0,"0,00%",13.119,36.308.073,2.422.153
122,CRFB3,CARREFOUR BR,1153,"14,45%","9,95%","1,94%","4,79%",376.0,1215,111,654.0,"3,00%",90.307.687,24.267.947.541,2.104.765.615
123,CRPG3,CRISTAL,5070,"3,34%","8,11%","8,51%","3,53%",134.0,2152,182,3090.0,"0,00%",0,1.080.859.667,29.018.747
124,CRPG5,CRISTAL,3000,"3,34%","8,11%","8,51%","3,53%",134.0,1274,108,3090.0,"15,85%",165.211,1.080.859.667,29.018.747
125,CRPG6,CRISTAL,3000,"3,34%","8,11%","8,51%","3,53%",134.0,1274,108,3090.0,"15,85%",9.506,1.080.859.667,29.018.747
126,CRTE3B,CONC RIO TER,,"40,32%","22,65%","16,64%","32,30%",126.0,,,,,0,,86.466
127,CSAN3,COSAN,1591,"8,61%","7,32%","7,10%","19,78%",302.0,1057,062,929.0,"2,69%",145.269.180,29.816.468.528,1.874.070.932
128,CSED3,CRUZEIRO EDU,231,"12,21%","0,46%","0,33%","15,36%",332.0,12835,060,341.0,"5,67%",1.961.592,847.882.617,367.048.752
129,CSMG3,COPASA,1625,"11,31%","12,04%","13,65%","20,27%",185.0,733,085,734.0,"7,93%",33.487.598,6.179.112.371,380.253.069
130,CSNA3,SID NACIONAL,1603,"12,88%","9,59%","4,89%","17,23%",365.0,981,097,638.0,"14,90%",131.426.095,21.257.285.970,1.326.093.947
131,CSRN3,COSERN,2250,"24,08%","39,82%","16,39%","25,42%",358.0,651,269,671.0,"17,92%",3.792,3.874.776.690,168.074.028
132,CSRN5,COSERN,2658,"24,08%","39,82%","16,39%","25,42%",358.0,769,318,671.0,"16,69%",1.105,3.874.776.690,168.074.028
133,CSRN6,COSERN,2301,"24,08%","39,82%","16,39%","25,42%",358.0,666,275,671.0,"19,28%",647,3.874.776.690,168.074.028
134,CSUD3,CSU DIGITAL,1051,"22,86%","20,30%","13,70%","19,46%",162.0,597,115,420.0,"9,33%",1.138.027,439.318.000,41.800.000
135,CTCA3,CTC S.A.,,"16,75%","15,12%","30,48%","34,89%",128.0,,,,,0,,320.748.000
136,CTKA3,KARSTEN,2146,"4,45%","14,63%","-3,45%","3,02%",-427.0,-630,-086,3390.0,"0,00%",0,85.059.347,6.205.375
137,CTKA4,KARSTEN,700,"4,45%","14,63%","-3,45%","3,02%",-427.0,-205,-028,3390.0,"0,00%",1.649,85.059.347,6.205.375
138,CTNM3,COTEMINAS,385,"-3,86%","-45,10%","-29,95%","-5,68%",343.0,-022,013,-1137.0,"0,00%",190,73.632.668,30.636.457
139,CTNM4,COTEMINAS,120,"-3,86%","-45,10%","-29,95%","-5,68%",343.0,-007,004,-1137.0,"0,00%",19.968,73.632.668,30.636.457
140,CTSA3,SANTANENSE,154,"-3,72%","-11,50%","-7,12%","-3,75%",219.0,-124,015,-888.0,"14,10%",6.384,32.960.331,27.824.781
141,CTSA4,SANTANENSE,100,"-3,72%","-11,50%","-7,12%","-3,75%",219.0,-081,010,-888.0,"23,88%",17.469,32.960.331,27.824.781
142,CURY3,CURY S/A,1329,"34,52%","43,12%","15,44%","19,02%",334.0,1113,442,831.0,"5,44%",16.916.708,3.879.019.920,291.875.088
143,CVCB3,CVC BRASIL,327,"-2,91%","-125,31%","-35,48%","-3,08%",1283.0,-209,286,-2631.0,"0,00%",73.207.151,906.598.700,277.247.309
144,CXSE3,CAIXA SEGURI,982,"30,97%","27,54%",,,104.0,998,271,859.0,"6,60%",15.871.930,29.460.000.000,3.000.000.000
145,CYRE3,CYRELA REALT,1582,"7,93%","11,84%","15,86%","16,87%",210.0,737,082,914.0,"3,57%",96.443.329,6.323.931.080,399.742.799
146,DASA3,DASA,838,"6,02%","-5,30%","-2,95%","7,74%",342.0,-1201,066,1283.0,"1,16%",2.585.955,4.658.795.385,555.942.170
147,DESK3,DESKTOP,873,"12,79%","5,97%","7,74%","30,87%",254.0,1829,106,746.0,"0,16%",1.643.688,1.005.768.424,115.208.296
148,DEXP3,DEXXOS PAR,797,"29,82%","29,55%","8,58%","13,32%",214.0,416,109,306.0,"4,83%",858.554,746.632.844,94.013.535
149,DEXP4,DEXXOS PAR,751,"29,82%","29,55%","8,58%","13,32%",214.0,392,103,306.0,"5,40%",42.823,746.632.844,94.013.535
150,DIRR3,DIRECIONAL,1687,"14,30%","18,73%","12,79%","18,68%",414.0,915,169,684.0,"6,94%",30.250.660,2.530.500.000,150.000.000
151,DMVF3,D1000VFARMA,331,"4,03%","1,35%","0,77%","2,40%",174.0,1475,020,393.0,"0,00%",163.235,167.495.407,50.602.842
152,DOHL3,DOHLER,1000,"0,68%","0,49%","0,55%","0,85%",134.0,21725,107,13287.0,"0,00%",0,634.047.102,75.645.285
153,DOHL4,DOHLER,422,"0,68%","0,49%","0,55%","0,85%",134.0,9168,045,13287.0,"3,13%",5.795,634.047.102,75.645.285
154,DOTZ3,DOTZ SA,079,"189,39%","77,02%","-68,43%","-75,35%",-324.0,-110,-062,-5.0,"0,00%",53.273,104.333.998,132.068.352
155,DTCY3,DTCOM-DIRECT,530,"-58,02%","-283,33%","-2,78%","-9,44%",13914.0,-21689,"-1.474,87",-6478.0,"0,00%",24,58.994.994,11.131.131
156,DTCY4,DTCOM-DIRECT,,"-58,02%","-283,33%","-2,78%","-9,44%",13914.0,,,-6478.0,,0,58.994.994,11.131.131
157,DXCO3,DEXCO,615,"13,69%","13,08%","9,01%","17,08%",248.0,673,086,619.0,"5,01%",39.246.712,5.147.914.363,837.059.246
158,EALT3,ACO ALTONA,721,"17,74%","18,37%","7,52%","11,90%",249.0,438,075,466.0,"3,78%",1.996,159.292.500,22.500.000
159,EALT4,ACO ALTONA,698,"17,74%","18,37%","7,52%","11,90%",249.0,424,073,466.0,"4,30%",96.889,159.292.500,22.500.000
160,ECOR3,ECORODOVIAS,642,"11,65%","9,65%","3,86%","25,45%",712.0,1910,177,948.0,"0,12%",25.121.009,4.470.465.718,696.334.224
161,EGIE3,ENGIE BRASIL,4033,"21,54%","32,55%","22,38%","48,72%",466.0,1235,390,828.0,"5,47%",72.119.660,32.906.365.754,815.927.740
162,EKTR3,ELEKTRO,3607,"22,16%","32,33%","11,75%","21,32%",338.0,709,244,656.0,"19,60%",686,7.266.005.646,193.759.265
163,EKTR4,ELEKTRO,3879,"22,16%","32,33%","11,75%","21,32%",338.0,762,262,656.0,"19,36%",9.230,7.266.005.646,193.759.265
164,ELET3,ELETROBRAS,3514,"5,28%","3,88%","10,68%","22,66%",245.0,2228,073,1501.0,"2,10%",362.708.672,82.078.064.615,2.307.099.812
165,ELET5,ELETROBRAS,6500,"5,28%","3,88%","10,68%","22,66%",245.0,4122,135,1501.0,"3,16%",696,82.078.064.615,2.307.099.812
166,ELET6,ELETROBRAS,3872,"5,28%","3,88%","10,68%","22,66%",245.0,2455,080,1501.0,"3,98%",97.109.684,82.078.064.615,2.307.099.812
167,ELMD3,ELETROMIDIA,1625,"8,89%","5,97%","6,43%","16,80%",214.0,4425,238,2083.0,"0,00%",5.940.026,2.274.735.986,139.983.753
168,EMAE3,EMAE,1731,"-3,25%","7,31%","12,77%","-5,67%",195.0,940,057,-2532.0,"0,00%",0,1.202.019.579,36.947.084
169,EMAE4,EMAE,4260,"-3,25%","7,31%","12,77%","-5,67%",195.0,2314,140,-2532.0,"2,07%",170.223,1.202.019.579,36.947.084
170,EMBR3,EMBRAER,2021,"-1,60%","-6,93%","-4,47%","-2,37%",363.0,-1429,102,-3531.0,"0,00%",144.503.818,14.964.798.539,740.465.044
171,ENAT3,ENAUTA PART,1221,"12,85%","9,27%","17,62%","33,31%",181.0,847,079,416.0,"13,99%",15.416.497,3.245.502.310,265.806.905
172,ENBR3,ENERGIAS BR,2193,"14,00%","10,03%","7,01%","19,77%",291.0,1051,107,661.0,"5,25%",92.025.681,12.744.954.327,581.165.268
173,ENEV3,ENEVA,1139,"5,25%","3,31%","6,13%","20,95%",264.0,4803,131,2686.0,"0,00%",124.005.639,18.048.279.385,1.584.572.378
174,ENGI11,ENERGISA,4329,"15,69%","22,51%","9,16%","21,59%",528.0,727,141,737.0,"4,53%",108.629.859,19.709.833.566,2.039.086.540
175,ENGI3,ENERGISA,1269,"15,69%","22,51%","9,16%","21,59%",528.0,1066,207,737.0,"3,09%",194.982,19.709.833.566,2.039.086.540
176,ENGI4,ENERGISA,771,"15,69%","22,51%","9,16%","21,59%",528.0,648,126,737.0,"5,08%",233.646,19.709.833.566,2.039.086.540
177,ENJU3,ENJOEI,091,"-23,78%","-16,52%","-47,89%","-68,94%",112.0,-274,048,133.0,"0,00%",935.173,182.221.297,200.243.184
178,ENMT3,ENERGISA MT,6600,"24,71%","41,36%","16,70%","26,34%",397.0,1214,466,1015.0,"6,52%",22.906,14.851.722.036,218.941.939
179,ENMT4,ENERGISA MT,6880,"24,71%","41,36%","16,70%","26,34%",397.0,1265,486,1015.0,"6,26%",4.882,14.851.722.036,218.941.939
180,EPAR3,EMBPAR S/A,1180,"53,46%","61,92%","5,84%","8,97%",280.0,276,153,239.0,"17,11%",7.666,175.354.702,14.860.568
181,EQMA3B,EQTLMARANHAO,2272,"17,06%","19,90%","13,38%","19,60%",249.0,576,108,536.0,"0,00%",11.215,3.693.321.622,164.183.899
182,EQMA5B,EQTLMARANHAO,,"17,06%","19,90%","13,38%","19,60%",249.0,,,536.0,,0,3.693.321.622,164.183.899
183,EQPA3,EQTL PARA,628,"25,31%","49,80%","18,28%","23,71%",399.0,891,480,881.0,"14,06%",58.425,13.884.016.554,2.209.074.007
184,EQPA5,EQTL PARA,864,"25,31%","49,80%","18,28%","23,71%",399.0,1226,660,881.0,"0,00%",0,13.884.016.554,2.209.074.007
185,EQPA6,EQTL PARA,983,"25,31%","49,80%","18,28%","23,71%",399.0,1395,751,881.0,"0,00%",0,13.884.016.554,2.209.074.007
186,EQPA7,EQTL PARA,800,"25,31%","49,80%","18,28%","23,71%",399.0,1135,611,881.0,"0,00%",2.265,13.884.016.554,2.209.074.007
187,EQTL3,EQUATORIAL,2853,"10,58%","11,59%","7,08%","19,45%",459.0,1676,174,1242.0,"2,24%",191.708.111,32.219.369.931,1.129.315.455
188,ESPA3,ESPACOLASER,110,"6,08%","-6,38%","-5,67%","11,48%",283.0,-774,045,1037.0,"0,00%",3.836.779,397.565.373,361.423.066
189,ESTR3,ESTRELA,4000,"-5,60%","9,25%","-26,37%","13,09%",-57.0,-070,-006,542.0,"0,00%",0,31.256.200,808.350
190,ESTR4,ESTRELA,3800,"-5,60%","9,25%","-26,37%","13,09%",-57.0,-066,-006,542.0,"0,00%",1.983,31.256.200,808.350
191,ETER3,ETERNIT,969,"25,94%","22,22%","11,60%","14,87%",180.0,435,089,323.0,"6,29%",6.160.863,598.615.012,61.776.575
192,EUCA3,EUCATEX,974,"15,32%","13,20%","10,26%","15,41%",184.0,350,045,360.0,"7,37%",103.458,863.453.773,92.619.256
193,EUCA4,EUCATEX,911,"15,32%","13,20%","10,26%","15,41%",184.0,328,042,360.0,"8,67%",749.522,863.453.773,92.619.256
194,EVEN3,EVEN,464,"3,92%","7,33%","8,41%","5,42%",237.0,504,036,631.0,"3,23%",4.574.595,983.680.000,212.000.000
195,EZTC3,EZTEC,1469,"5,07%","7,68%","30,51%","21,38%",119.0,949,072,1253.0,"2,40%",37.286.732,3.246.329.923,220.989.103
196,FESA3,FERBASA,5750,"37,73%","39,27%","33,85%","36,99%",138.0,478,167,373.0,"8,50%",1.719,4.861.721.600,88.320.000
197,FESA4,FERBASA,5382,"37,73%","39,27%","33,85%","36,99%",138.0,447,156,373.0,"9,99%",10.134.202,4.861.721.600,88.320.000
198,FHER3,FER HERINGER,1332,"-8,27%","-33,93%","-2,65%","-1,02%",665.0,-476,195,-1152.0,"0,00%",1.267.734,717.379.023,53.857.284
199,FIGE3,INVEST BEMGE,1203,,,,,,,,,"0,00%",0,28.438.150,2.363.936
200,FIGE4,INVEST BEMGE,,,,,,,,,,,0,28.438.150,2.363.936
201,FIQE3,UNIFIQUE,350,"13,90%","13,31%","19,19%","26,79%",181.0,973,127,594.0,"2,40%",749.076,1.267.173.632,362.049.609
202,FLEX3,FLEX S/A,,"-146,68%","231,80%","-42,50%","-19,92%",-437.0,,,,,0,,3.248.533
203,FLRY3,FLEURY,1473,"13,15%","13,55%","6,92%","16,47%",304.0,1752,200,1058.0,"2,00%",40.358.335,5.408.921.563,367.204.451
204,FRAS3,FRAS-LE,925,"13,93%","14,10%","6,65%","10,89%",237.0,1228,140,708.0,"0,00%",3.090.206,2.497.651.173,270.016.343
205,FRIO3,METALFRIO,2000,"15,17%","81,42%","-3,02%","8,99%",-2512.0,-131,-047,630.0,"0,00%",1.169,82.135.080,4.106.754
206,FRRN3B,ALL NORTE,,"25,25%","30,13%","26,08%","38,97%",204.0,,,,,0,,1.189.412.363
207,FRRN5B,ALL NORTE,,"25,25%","30,13%","26,08%","38,97%",204.0,,,,,0,,1.189.412.363
208,FRTA3,POMIFRUTAS,227,"80,30%","7,67%","-91,02%","-87,06%",-48.0,-090,-007,-1333.0,"0,00%",2.917,4.661.686,2.053.606
209,G2DI33,G2D INVEST,195,"-20,70%","-23,38%","110,23%","108,05%",114.0,-093,025,-102.0,"0,00%",229.405,224.359.957,115.056.388
210,GEPA3,GER PARANAP,2499,"15,86%","12,87%","17,76%","35,05%",203.0,970,126,639.0,"9,60%",1.570,2.306.375.548,94.433.283
211,GEPA4,GER PARANAP,2414,"15,86%","12,87%","17,76%","35,05%",203.0,937,122,639.0,"9,93%",14.444,2.306.375.548,94.433.283
212,GFSA3,GAFISA,575,"-3,67%","-4,64%","-7,32%","-11,54%",284.0,-353,017,-1391.0,"0,00%",28.127.776,294.054.546,51.139.921
213,GGBR3,GERDAU,2300,"30,67%","25,76%","13,93%","21,54%",166.0,352,087,285.0,"15,03%",942.463,43.500.505.573,1.757.067.050
214,GGBR4,GERDAU,2567,"30,67%","25,76%","13,93%","21,54%",166.0,393,097,285.0,"13,47%",276.081.624,43.500.505.573,1.757.067.050
215,GGPS3,GPS,1241,"18,35%","21,59%","5,61%","10,10%",326.0,1613,322,960.0,"0,00%",24.736.729,8.341.633.013,672.170.267
216,GMAT3,GRUPO MATEUS,590,"14,24%","15,19%","4,89%","6,27%",166.0,1224,173,1055.0,"0,00%",43.496.643,13.035.141.866,2.209.346.079
217,GOAU3,GERDAU MET,1118,"30,09%","25,22%","13,91%","21,46%",164.0,101,024,104.0,"11,18%",1.508.470,12.086.636.575,1.033.840.804
218,GOAU4,GERDAU MET,1197,"30,09%","25,22%","13,91%","21,46%",164.0,108,026,104.0,"10,44%",89.050.650,12.086.636.575,1.033.840.804
219,GOLL3,GOL,,"-6,01%","7,36%","-10,27%","3,67%",-74.0,,,6098.0,,0,22.563.638.343,3.200.516.077
220,GOLL4,GOL,705,"-6,01%","7,36%","-10,27%","3,67%",-74.0,-1445,-106,6098.0,"0,00%",92.911.025,22.563.638.343,3.200.516.077
221,GPAR3,CELGPAR,4192,,,,,,,,,"54,22%",1.095,3.266.759.869,77.928.432
222,GPIV33,GP INVEST,224,"-28,26%","-31,90%","127,23%","118,45%",127.0,-011,005,46.0,"0,00%",53.354,95.893.869,42.809.763
223,GRAO3,AGRIBRASIL,,"32,17%","81,47%","1,92%","3,69%",768.0,,,,,0,,88.000.000
224,GRND3,GRENDENE,758,"5,43%","13,43%","22,61%","9,52%",111.0,1204,157,2429.0,"4,03%",14.020.246,6.838.372.800,902.160.000
225,GSHP3,GENERALSHOPP,1566,"4,35%","11,29%","-56,30%","31,14%",-210.0,-035,-004,3554.0,"0,00%",3.237,30.204.523,1.928.769
226,GUAR3,GUARARAPES,454,"3,99%","0,99%","0,61%","4,29%",282.0,4360,043,1084.0,"1,77%",10.702.205,2.266.368.000,499.200.000
227,HAGA3,HAGA S/A,210,"-12,53%","-9,38%","19,68%","15,74%",-101.0,451,-044,-32.0,"0,00%",16.349,16.025.334,11.900.000
228,HAGA4,HAGA S/A,097,"-12,53%","-9,38%","19,68%","15,74%",-101.0,208,-020,-32.0,"0,00%",18.490,16.025.334,11.900.000
229,HAPV3,HAPVIDA,268,"-0,41%","-2,62%","-3,27%","-0,66%",159.0,-2468,039,-16851.0,"0,00%",310.303.141,19.146.605.391,7.144.255.743
230,HBOR3,HELBOR,220,"4,18%","5,47%","11,89%","16,25%",243.0,273,014,1205.0,"8,21%",1.696.482,294.472.358,133.851.072
231,HBRE3,HBR REALTY,382,"6,36%","4,99%","85,53%","159,43%",167.0,327,016,560.0,"0,00%",328.719,394.181.907,103.188.981
232,HBSA3,HIDROVIAS,228,"5,26%","-0,63%","-0,46%","17,94%",500.0,-21238,130,1750.0,"0,00%",10.144.071,1.733.672.426,760.382.643
233,HBTS3,HABITASUL,,"10,77%","12,94%","35,77%","44,24%",284.0,,,608.0,,0,255.743.236,9.133.687
234,HBTS5,HABITASUL,2800,"10,77%","12,94%","35,77%","44,24%",284.0,421,053,608.0,"4,13%",802,255.743.236,9.133.687
235,HBTS6,HABITASUL,,"10,77%","12,94%","35,77%","44,24%",284.0,,,608.0,,0,255.743.236,9.133.687
236,HETA3,HERCULES,9600,"-2,14%","-44,98%","6.806,82%","91,51%",-3.0,024,-014,12500.0,"0,00%",0,17.661.468,509.999
237,HETA4,HERCULES,362,"-2,14%","-44,98%","6.806,82%","91,51%",-3.0,001,-001,12500.0,"0,00%",3.357,17.661.468,509.999
238,HOOT3,HOTEIS OTHON,,"-55,35%","-48,22%","196,83%","225,30%",-116.0,,,5.0,,0,19.658.480,18.372.411
239,HOOT4,HOTEIS OTHON,107,"-55,35%","-48,22%","196,83%","225,30%",-116.0,010,-006,5.0,"0,00%",10.034,19.658.480,18.372.411
240,HYPE3,HYPERA,3783,"13,26%","16,58%","22,51%","32,90%",213.0,1411,225,1237.0,"3,25%",174.812.469,23.962.309.734,633.420.823
241,IFCM3,INFRACOMM,194,"-4,53%","-19,41%","-29,72%","-9,47%",218.0,-283,052,-1290.0,"0,00%",1.507.666,749.641.201,386.412.990
242,IGBR3,IGB S/A,11257,"-107,29%","-46,17%","5.378,81%","6.031,50%",-20.0,036,-022,88.0,"0,00%",439.529,140.768.335,1.250.496
243,IGSN3,IGUA SA,,"2,67%","-19,42%","-28,06%","11,19%",374.0,,,,,0,,427.804.422
244,IGTI11,IGUATEMI S.A,2033,"7,03%","0,34%","1,26%","48,68%",204.0,64739,202,1456.0,"2,13%",56.750.827,5.933.523.137,1.224.809.778
245,IGTI3,IGUATEMI S.A,254,"7,03%","0,34%","1,26%","48,68%",204.0,24265,076,1456.0,"2,43%",230.469,5.933.523.137,1.224.809.778
246,IGTI4,IGUATEMI S.A,896,"7,03%","0,34%","1,26%","48,68%",204.0,85596,267,1456.0,"2,07%",55.490,5.933.523.137,1.224.809.778
247,INEP3,INEPAR,117,"14,14%","25,44%","-3.418,82%","-763,86%",-98.0,-059,-013,-1306.0,"0,00%",1.782.127,195.042.503,183.431.378
248,INEP4,INEPAR,086,"14,14%","25,44%","-3.418,82%","-763,86%",-98.0,-043,-010,-1306.0,"0,00%",635.990,195.042.503,183.431.378
249,INNT3,INTER SA,,"21,91%","56,44%","12,88%","15,41%",872.0,,,,,0,,86.885.349
250,INTB3,INTELBRAS,2480,"16,21%","23,00%","11,32%","10,95%",205.0,1695,361,1653.0,"2,39%",35.833.256,8.124.755.528,327.611.110
251,ITSA3,ITAUSA,867,"18,65%","19,38%","166,79%","183,47%",125.0,594,110,573.0,"5,29%",1.339.390,83.601.823.139,9.701.409.715
252,ITSA4,ITAUSA,859,"18,65%","19,38%","166,79%","183,47%",125.0,589,109,573.0,"5,34%",169.259.640,83.601.823.139,9.701.409.715
253,IVPR3B,INVEPAR,,"141,77%","8,02%","-9,58%","49,17%",-601.0,,,,,0,,429.171.372
254,IVPR4B,INVEPAR,,"141,77%","8,02%","-9,58%","49,17%",-601.0,,,,,0,,429.171.372
255,JALL3,JALLESMACHAD,715,"23,22%","49,88%","47,47%","52,97%",280.0,245,099,436.0,"2,49%",5.822.629,2.107.084.201,294.697.091
256,JBSS3,JBS,1742,"0,00%","0,00%","0,00%","0,00%",426.0,,078,,"11,48%",184.575.102,38.639.587.165,2.218.116.370
257,JFEN3,JOAO FORTES,247,"84,57%","17,64%","-1.912,02%","-1.440,58%",-163.0,-041,-007,-684.0,"0,00%",33.714,51.970.685,21.040.763
258,JHSF3,JHSF PART,395,"12,10%","13,02%","33,23%","46,91%",193.0,425,052,540.0,"4,86%",14.099.903,2.683.347.737,679.328.541
259,JOPA3,JOSAPAR,2161,"6,61%","5,05%","1,64%","5,74%",312.0,614,030,675.0,"3,83%",18.516,230.458.289,10.582.361
260,JOPA4,JOSAPAR,3511,"6,61%","5,05%","1,64%","5,74%",312.0,997,049,675.0,"2,59%",220,230.458.289,10.582.361
261,JSLG3,JSL,702,"13,42%","14,16%","3,22%","12,77%",560.0,1036,142,768.0,"6,44%",2.985.196,2.010.746.168,286.431.078
262,KEPL3,KEPLER WEBER,880,"80,26%","72,24%","21,07%","28,54%",216.0,414,265,273.0,"11,49%",14.001.394,1.581.537.144,179.720.130
263,KLBN11,KLABIN S/A,1883,"17,72%","50,27%","23,41%","33,40%",481.0,451,183,631.0,"7,86%",122.879.615,21.200.272.976,5.617.892.756
264,KLBN3,KLABIN S/A,378,"17,72%","50,27%","23,41%","33,40%",481.0,453,184,631.0,"7,83%",3.179.215,21.200.272.976,5.617.892.756
265,KLBN4,KLABIN S/A,377,"17,72%","50,27%","23,41%","33,40%",481.0,452,183,631.0,"7,85%",18.103.587,21.200.272.976,5.617.892.756
266,KRSA3,KORA SAUDE,104,"8,13%","-7,41%","-4,62%","13,22%",340.0,-851,066,903.0,"0,00%",400.329,804.281.990,773.348.067
267,LAND3,TERRASANTAPA,2680,"7,08%","18,51%","144,37%","59,06%",134.0,1880,328,4645.0,"5,82%",1.787.520,2.578.882.582,96.226.962
268,LAVV3,LAVVI,533,"6,78%","10,45%","23,57%","15,58%",147.0,812,085,785.0,"14,68%",2.319.083,1.063.518.096,199.534.352
269,LEVE3,METAL LEVE,3058,"35,82%","34,18%","13,31%","17,07%",185.0,698,248,549.0,"14,69%",7.702.552,3.923.673.930,128.308.500
270,LIGT3,LIGHT S/A,213,"-11,44%","-97,98%","-42,80%","-14,41%",452.0,-014,028,-492.0,"11,91%",22.902.634,793.542.840,372.555.324
271,LIPR3,ELETROPAR,7252,"10,96%","12,55%",,,119.0,3143,388,3329.0,"2,51%",3.697,853.189.750,11.764.889
272,LJQQ3,QUERO-QUERO,439,"9,95%","-3,47%","-0,81%","3,79%",531.0,-4396,153,849.0,"0,00%",17.394.188,822.204.281,187.290.269
273,LLBI3,LE BISCUIT,,"-9,81%","-76,62%","-13,68%","-8,60%",901.0,,,,,0,,26.127.527
274,LMED3,LIFEMED,,"6,93%","-8,12%","-12,05%","18,29%",222.0,,,,,0,,2.576.438
275,LOGG3,LOG COM PROP,1666,"9,92%","11,44%","184,46%","229,35%",161.0,425,046,638.0,"5,51%",7.381.283,1.701.971.506,102.159.154
276,LOGN3,LOG-IN,3954,"18,41%","61,13%","19,68%","19,35%",442.0,1035,481,1287.0,"0,00%",3.268.916,4.210.088.362,106.476.691
277,LPSB3,LOPES BRASIL,156,"16,08%","14,30%","13,85%","15,58%",218.0,852,123,575.0,"4,84%",323.192,230.185.224,147.554.631
278,LREN3,LOJAS RENNER,1719,"10,92%","12,99%","9,73%","10,60%",214.0,1282,164,1098.0,"4,10%",317.418.633,16.557.872.010,963.226.993
279,LTEL3B,LITEL,,"56,89%","57,19%",,,104.0,,,,,0,,215.495.403
280,LTLA3B,LITELA,,"18,10%","16,71%",,,103.0,,,,,0,,196.713.125
281,LUPA3,LUPATECH,386,"-19,18%","32,97%","49,70%","-53,62%",323.0,218,064,-443.0,"0,00%",10.710.596,119.815.342,31.040.244
282,LUXM3,TREVISA,,"17,08%","11,01%","8,16%","14,28%",153.0,,,2094.0,,0,415.680.000,5.196.000
283,LUXM4,TREVISA,8000,"17,08%","11,01%","8,16%","14,28%",153.0,3703,391,2094.0,"0,87%",21.654,415.680.000,5.196.000
284,LVTC3,WDC NETWORKS,614,"13,90%","3,63%","2,16%","8,29%",245.0,1714,061,275.0,"2,83%",782.725,397.031.207,64.663.063
285,LWSA3,LOCAWEB,538,"1,59%","1,02%","2,66%","4,27%",158.0,10555,107,3759.0,"0,00%",47.256.118,3.196.204.727,594.090.098
286,MAPT3,CEMEPE,3005,"2,78%","2,78%",,,-13.0,-16535,-453,-10074.0,"0,00%",46,16.823.854,918.895
287,MAPT4,CEMEPE,682,"2,78%","2,78%",,,-13.0,-3753,-103,-10074.0,"0,00%",21,16.823.854,918.895
288,MATD3,MATER DEI,810,"11,86%","7,25%","6,96%","19,16%",267.0,2524,182,1161.0,"1,11%",3.596.641,3.096.871.550,382.329.821
289,MBLY3,MOBLY,185,"-12,39%","-15,04%","-14,10%","-15,09%",160.0,-219,036,-142.0,"0,00%",2.565.083,197.006.322,106.489.904
290,MDIA3,M.DIASBRANCO,2736,"6,58%","7,01%","4,76%","5,76%",161.0,1925,138,1858.0,"0,73%",50.094.028,9.275.040.000,339.000.000
291,MDNE3,MOURA DUBEUX,542,"7,00%","9,34%","13,14%","10,95%",245.0,438,039,379.0,"0,00%",945.010,460.208.813,84.909.375
292,MEAL3,IMC S/A,218,"14,41%","6,44%","3,24%","11,77%",262.0,859,055,347.0,"0,00%",1.913.044,624.285.575,286.369.530
293,MEGA3,OMEGAENERGIA,958,"4,90%","-0,17%","-0,33%","24,27%",311.0,-74284,115,2196.0,"0,00%",11.168.968,5.965.758.726,622.730.556
294,MELK3,MELNICK,310,"5,45%","10,07%","12,20%","7,07%",170.0,509,049,621.0,"6,76%",896.622,639.434.957,206.269.341
295,MGEL3,MANGELS INDL,,"19,83%","-212,06%","25,44%","11,61%",-570.0,,,588.0,,0,72.290.150,5.783.212
296,MGEL4,MANGELS INDL,1250,"19,83%","-212,06%","25,44%","11,61%",-570.0,028,1001,588.0,"0,00%",27.954,72.290.150,5.783.212
297,MGLU3,MAGAZ LUIZA,388,"4,31%","-4,55%","-1,34%","2,07%",348.0,-5248,246,3962.0,"0,00%",490.183.663,26.185.836.170,6.748.926.848
298,MILS3,MILLS,916,"18,38%","18,56%","19,82%","29,51%",173.0,1042,182,755.0,"3,70%",11.020.063,2.256.189.121,246.308.856
299,MLAS3,MULTILASER,184,"3,61%","2,23%","2,05%","4,23%",168.0,1678,037,1110.0,"6,69%",7.641.295,1.509.792.174,820.539.225
300,MMAQ3,MINASMAQUINA,,"19,08%","20,25%","5,30%","7,67%",194.0,,,,,0,,44.850
301,MMAQ4,MINASMAQUINA,,"19,08%","20,25%","5,30%","7,67%",194.0,,,,,0,,44.850
302,MNDL3,MUNDIAL,5695,"163,55%","-311,93%","115,86%","12,00%",-448.0,016,089,563.0,"0,00%",88.777,141.250.807,2.480.260
303,MNPR3,MINUPAR,913,"-12,93%","-1,93%","1,79%","12,01%",-83.0,989,-019,124.0,"0,00%",71.032,64.823.913,7.100.100
304,MNZC3B,MENEZES CORT,,"5,41%","2,30%","12,61%","31,70%",115.0,,,,,0,,526.306
305,MOAR3,MONT ARANHA,37000,"16,65%","23,76%",,,227.0,1964,445,1452.0,"2,10%",158.278,4.532.951.770,12.251.221
306,MOVI3,MOVIDA,853,"12,54%","18,38%","5,80%","25,17%",792.0,555,112,579.0,"15,23%",32.312.382,3.090.436.794,362.302.086
307,MRFG3,MARFRIG,681,"52,85%","0,00%","0,00%","7,39%",862.0,,,47.0,"33,00%",82.444.646,4.494.600.000,660.000.000
308,MRSA3B,MRS LOGIST,2600,"18,83%","16,87%","15,63%","32,01%",270.0,1011,160,681.0,"0,00%",0,8.717.478.225,340.000.000
309,MRSA5B,MRS LOGIST,2700,"18,83%","16,87%","15,63%","32,01%",270.0,1050,167,681.0,"0,00%",42,8.717.478.225,340.000.000
310,MRSA6B,MRS LOGIST,2306,"18,83%","16,87%","15,63%","32,01%",270.0,897,142,681.0,"0,00%",0,8.717.478.225,340.000.000
311,MRVE3,MRV,717,"2,71%","-2,27%","-2,25%","5,28%",325.0,-2323,053,2903.0,"5,52%",86.068.920,3.468.728.104,483.783.557
312,MSPA3,MELHOR SP,4625,"0,43%","0,18%","0,75%","2,05%",174.0,19592,036,9925.0,"0,00%",285,292.167.995,6.404.949
313,MSPA4,MELHOR SP,4100,"0,43%","0,18%","0,75%","2,05%",174.0,17368,032,9925.0,"0,00%",0,292.167.995,6.404.949
314,MSRO3,MAESTROLOC,,"19,08%","16,69%","9,62%","42,85%",425.0,,,,,0,,26.009.820
315,MTRE3,MITRE REALTY,372,"3,79%","3,72%","4,91%","6,50%",182.0,1057,039,1348.0,"8,41%",1.675.950,393.482.330,105.774.820
316,MTSA3,METISA,7470,"29,59%","26,25%","11,49%","15,31%",143.0,715,171,375.0,"3,20%",462,499.594.871,8.789.730
317,MTSA4,METISA,4040,"29,59%","26,25%","11,49%","15,31%",143.0,387,093,375.0,"6,53%",64.242,499.594.871,8.789.730
318,MULT3,MULTIPLAN,2595,"11,29%","11,89%","42,80%","59,44%",166.0,2026,237,1554.0,"3,26%",106.412.138,14.666.572.392,600.760.875
319,MWET3,WETZEL S/A,2998,"28,66%","-80,87%","8,20%","2,71%",-827.0,257,-631,1167.0,"0,00%",0,35.219.291,2.058.003
320,MWET4,WETZEL S/A,1068,"28,66%","-80,87%","8,20%","2,71%",-827.0,091,-225,1167.0,"0,00%",19.270,35.219.291,2.058.003
321,MYPK3,IOCHP-MAXION,1217,"12,04%","9,30%","2,38%","7,35%",342.0,463,044,487.0,"6,04%",18.473.243,1.870.767.544,153.719.601
322,NEMO3,SUZANO HOLD,,"21,92%","96,52%","46,94%","44,58%",521.0,,,,,0,,172.927.303
323,NEMO5,SUZANO HOLD,,"21,92%","96,52%","46,94%","44,58%",521.0,,,,,0,,172.927.303
324,NEMO6,SUZANO HOLD,,"21,92%","96,52%","46,94%","44,58%",521.0,,,,,0,,172.927.303
325,NEOE3,NEOENERGIA,1543,"14,01%","18,71%","11,19%","21,83%",348.0,391,070,592.0,"5,97%",18.776.220,18.728.891.537,1.213.797.248
326,NEXP3,NEXPE,369,"1.105,99%","391,64%","-125,37%","-113,08%",-393.0,-007,-011,-38.0,"0,00%",91.633,9.799.050,2.655.569
327,NGRD3,NEOGRID,128,"-0,75%","2,83%","4,94%","-1,54%",160.0,2329,067,-3254.0,"1,16%",807.630,305.487.782,238.662.330
328,NINJ3,GETNINJAS,242,"-17,17%","-5,60%","-27,78%","-85,35%",107.0,-776,044,307.0,"0,00%",333.497,122.928.781,50.797.017
329,NORD3,NORDON MET,580,"-4,12%","5,19%","-488,33%","291,00%",-12.0,-488,-025,1628.0,"0,00%",1.312,38.404.619,6.621.486
330,NRTQ3,NORTCQUIMICA,,"10,75%","15,03%","12,97%","11,36%",142.0,,,,,0,,11.877.395
331,NTCO3,GRUPO NATURA,1170,"-1,19%","-11,23%","-7,86%","-1,26%",226.0,-566,072,-5194.0,"1,13%",273.509.324,16.182.885.069,1.383.152.570
332,NUTR3,NUTRIPLANT,30000,"44,24%","30,65%","4,76%","9,58%",328.0,478,127,290.0,"0,00%",923,39.733.200,132.444
333,ODER3,ODERICH,,"19,28%","28,84%","14,72%","16,31%",216.0,,,1765.0,,0,2.075.059.544,11.287.106
334,ODER4,ODERICH,18384,"19,28%","28,84%","14,72%","16,31%",216.0,1791,466,1765.0,"0,00%",0,2.075.059.544,11.287.106
335,ODPV3,ODONTOPREV,1081,"49,73%","39,13%","23,73%","30,15%",171.0,1323,504,1001.0,"2,23%",26.206.970,5.972.478.117,552.495.663
336,OFSA3,OUROFINO S/A,2595,"16,33%","18,97%","12,55%","17,03%",184.0,1071,190,929.0,"2,61%",220.445,1.399.976.706,53.949.006
337,OIBR3,OI,116,"-11,57%","553,20%","-31,11%","-28,93%",-10611.0,-024,-034,-635.0,"0,00%",45.881.751,788.665.067,660.303.745
338,OIBR4,OI,260,"-11,57%","553,20%","-31,11%","-28,93%",-10611.0,-053,-076,-635.0,"0,00%",1.179.789,788.665.067,660.303.745
339,ONCO3,ONCOCLINICAS,880,"8,68%","4,61%","2,78%","11,51%",289.0,3828,165,1432.0,"0,00%",11.145.131,4.355.470.803,494.939.864
340,OPCT3,OCEANPACT,285,"1,59%","-11,19%","-7,74%","2,72%",286.0,-613,075,4904.0,"0,00%",1.147.929,569.884.729,199.959.554
341,OPGM3B,GAMA PART,,"-12,99%","-1,61%",,,106.0,,,,,0,,1.935.716
342,OPSE3B,SUDESTE S/A,,"-102,61%","-90,69%",,,100.0,,,,,0,,2.967.087.415
343,OPTS3B,SUL 116 PART,,"-1,91%","2,13%",,,105.0,,,,,0,,83.596.902.573
344,ORVR3,ORIZON,3727,"6,80%","-24,22%","-18,39%","13,70%",345.0,-2598,515,4472.0,"0,00%",11.150.080,2.991.696.033,80.270.889
345,OSXB3,OSX BRASIL,510,"-129,52%","5,26%","-822,11%","1.590,26%",-45.0,-006,000,958.0,"0,00%",79.279,16.054.994,3.148.038
346,PARD3,IHPARDINI,2044,"22,78%","18,63%","8,24%","14,70%",262.0,1547,272,930.0,"2,59%",5.769.630,2.677.202.482,130.978.595
347,PASS5,COMPASS,,"17,28%","26,40%","9,82%","13,33%",301.0,,,,,0,,714.190.095
348,PATI3,PANATLANTICA,5060,"6,73%","6,57%","2,39%","4,43%",230.0,2174,144,1187.0,"5,75%",1.206,1.203.185.698,23.932.369
349,PATI4,PANATLANTICA,4300,"6,73%","6,57%","2,39%","4,43%",230.0,1848,122,1187.0,"6,77%",867,1.203.185.698,23.932.369
350,PCAR3,P.ACUCAR-CBD,1509,"-2,51%","-0,03%","-0,02%","-3,26%",310.0,"-1.019,10",030,-1095.0,"2,35%",57.125.152,4.076.398.551,270.139.069
351,PDGR3,PDG REALT,344,"1,57%","1,64%","-69,41%","-50,68%",-24.0,-013,000,-1969.0,"0,00%",1.085.418,11.083.212,3.221.864
352,PDTC3,PADTEC,208,"10,65%","7,39%","2,67%","7,43%",351.0,1673,120,914.0,"0,00%",75.141,163.175.540,78.449.779
353,PEAB3,PAR AL BAHIA,3004,"6,00%","6,02%","95,12%","100,45%",117.0,951,056,1014.0,"3,41%",2.238,578.455.264,12.850.278
354,PEAB4,PAR AL BAHIA,5999,"6,00%","6,02%","95,12%","100,45%",117.0,1900,112,1014.0,"1,88%",2.881,578.455.264,12.850.278
355,PETR3,PETROBRAS,2904,"43,19%","50,14%","29,47%","45,89%",259.0,200,104,199.0,"57,74%",355.156.115,360.941.674.353,13.044.496.930
356,PETR4,PETROBRAS,2585,"43,19%","50,14%","29,47%","45,89%",259.0,178,093,199.0,"64,86%",1.508.068.444,360.941.674.353,13.044.496.930
357,PETZ3,PETZ,620,"6,89%","2,81%","1,78%","4,79%",197.0,5668,156,2060.0,"0,43%",72.383.175,2.867.321.824,462.471.262
358,PFRM3,PROFARMA,306,"11,55%","5,69%","1,09%","3,11%",281.0,446,025,354.0,"5,66%",511.502,378.867.085,123.812.773
359,PGMN3,PAGUE MENOS,322,"17,45%","11,87%","2,86%","6,93%",342.0,568,064,455.0,"5,78%",2.704.305,1.493.532.874,463.830.085
360,PLAS3,PLASCAR PART,800,"-3,25%","26,98%","-11,45%","0,42%",-187.0,-102,-024,10581.0,"0,00%",1.131,99.403.344,12.425.418
361,PLPL3,PLANOEPLANO,635,"19,44%","36,51%","8,88%","10,85%",398.0,978,317,920.0,"2,54%",3.054.413,1.297.025.600,204.256.000
362,PMAM3,PARANAPANEMA,380,"-105,84%","143,23%","-134,65%","-70,47%",-134.0,-006,-006,-236.0,"0,00%",253.109,164.934.626,43.403.849
363,PNVL3,DIMED,1003,"7,39%","8,02%","2,16%","3,44%",237.0,1747,136,1619.0,"2,21%",4.630.326,1.508.286.134,150.377.481
364,POMO3,MARCOPOLO,272,"4,90%","14,18%","8,07%","4,91%",228.0,590,080,1576.0,"8,60%",1.300.341,2.993.182.964,946.892.882
365,POMO4,MARCOPOLO,341,"4,90%","14,18%","8,07%","4,91%",228.0,739,101,1576.0,"6,86%",16.447.313,2.993.182.964,946.892.882
366,PORT3,WILSON SONS,1011,"12,09%","14,41%","14,92%","26,68%",243.0,1312,189,1137.0,"5,98%",2.241.750,4.448.082.546,439.968.600
367,POSI3,POSITIVO TEC,792,"24,90%","23,68%","6,14%","12,52%",307.0,367,080,357.0,"4,30%",14.366.946,1.123.056.000,141.800.000
368,PPAR3,POLPAR,,"7,35%","8,18%",,,140.0,,,,,0,,74.000
369,PRIO3,PETRORIO,3643,"26,43%","41,51%","53,86%","61,54%",197.0,943,327,815.0,"0,00%",443.906.613,32.321.757.825,887.229.147
370,PRMN3B,PROMAN,,"45,95%","-93,44%","2,84%","59,96%",-6460.0,,,,,0,,100.000
371,PRNR3,PRINER,809,"30,95%","28,81%","7,98%","12,84%",221.0,485,142,341.0,"3,68%",1.208.895,314.767.799,38.908.257
372,PSSA3,PORTO SEGURO,2384,"7,07%","11,52%","4,16%","2,55%",467.0,1338,145,736.0,"2,98%",48.351.025,15.414.611.670,646.586.060
373,PSVM11,PORTO VM,356,"-202,91%","-240,67%",,,35798.0,"-1.171,17","1.524,71",52.0,"0,00%",864,192.058.461,132.075.987.101
374,PTBL3,PORTOBELLO,634,"25,45%","37,19%","6,97%","14,31%",563.0,584,191,484.0,"4,86%",5.319.344,893.856.857,140.986.886
375,PTCA11,PRATICA,,"19,05%","25,47%","7,24%","10,63%",282.0,,,,,0,,3.728.273
376,PTCA3,PRATICA,,"19,05%","25,47%","7,24%","10,63%",282.0,,,,,0,,3.728.273
377,PTNT3,PETTENATI,830,"12,13%","14,43%","6,95%","9,05%",191.0,655,093,578.0,"3,84%",7.999,304.939.228,48.046.488
378,PTNT4,PETTENATI,537,"12,13%","14,43%","6,95%","9,05%",191.0,423,060,578.0,"5,94%",55.103,304.939.228,48.046.488
379,QUAL3,QUALICORP,394,"10,18%","7,71%","5,20%","18,57%",339.0,1103,082,736.0,"6,48%",26.841.600,1.119.016.441,284.014.325
380,QUSW3,QUALITY SOFT,,"31,26%","20,01%","19,74%","54,38%",268.0,,,,,0,,861.605
381,QVQP3B,524 PARTICIP,,"-111,79%","-100,44%",,,100.0,,,,,0,,1.377.041.061
382,RADL3,RAIADROGASIL,2616,"26,38%","20,06%","3,49%","6,33%",316.0,4258,800,2452.0,"0,82%",142.946.847,43.214.488.800,1.651.930.000
383,RAIL3,RUMO S.A.,1932,"8,88%","3,38%","5,22%","30,85%",309.0,6969,232,1489.0,"0,10%",177.767.764,35.822.347.842,1.854.158.791
384,RAIZ4,RAIZEN,306,"5,60%","0,73%","0,06%","1,43%",491.0,20299,145,1245.0,"6,85%",91.653.801,4.158.346.914,10.352.509.484
385,RANI3,IRANI,869,"24,33%","36,32%","22,42%","34,38%",282.0,566,190,497.0,"7,63%",8.458.621,2.140.862.482,246.359.319
386,RAPT3,RANDON PART,735,"14,70%","18,78%","5,98%","11,23%",333.0,363,063,381.0,"11,70%",100.133,2.478.039.469,329.330.533
387,RAPT4,RANDON PART,762,"14,70%","18,78%","5,98%","11,23%",333.0,377,066,381.0,"11,29%",21.444.752,2.478.039.469,329.330.533
388,RCSL3,RECRUSUL,482,"-30,36%","54,20%","-17,14%","9,59%",-265.0,-1439,-3218,1056.0,"0,00%",1.920.934,76.611.969,37.911.687
389,RCSL4,RECRUSUL,061,"-30,36%","54,20%","-17,14%","9,59%",-265.0,-182,-407,1056.0,"0,00%",364.153,76.611.969,37.911.687
390,RDNI3,RNI,530,"3,99%","4,88%","4,75%","7,42%",319.0,732,035,1640.0,"1,08%",93.283,231.979.982,43.769.808
391,RDOR3,REDE D OR,2370,"7,94%","6,69%","5,49%","16,96%",384.0,4298,235,1457.0,"1,29%",146.215.371,54.256.234.383,2.289.292.590
392,RECV3,PETRORECSA,2199,"35,55%","40,60%","38,76%","42,28%",199.0,559,169,436.0,"3,54%",82.572.720,6.447.111.806,293.183.802
393,REDE3,REDE ENERGIA,510,"22,13%","39,11%","13,47%","22,83%",475.0,529,195,571.0,"14,44%",11.526,10.762.649.207,2.110.323.374
394,RENT3,LOCALIZA,5750,"12,26%","13,06%","10,35%","25,47%",323.0,3087,276,1867.0,"2,68%",396.953.543,56.835.065.975,988.435.930
395,RNEW11,RENOVA,461,"81,71%","607,98%","376,51%","485,71%",1993.0,049,042,131.0,"0,00%",37.977,385.452.712,249.483.956
396,RNEW3,RENOVA,152,"81,71%","607,98%","376,51%","485,71%",1993.0,049,042,131.0,"0,00%",70.113,385.452.712,249.483.956
397,RNEW4,RENOVA,157,"81,71%","607,98%","376,51%","485,71%",1993.0,050,043,131.0,"0,00%",103.788,385.452.712,249.483.956
398,ROMI3,ROMI,1576,"16,12%","20,98%","13,57%","17,03%",204.0,647,128,689.0,"5,51%",13.469.504,1.398.448.549,88.734.045
399,RPAD3,ALFA HOLDING,689,"5,72%","6,31%",,,101.0,879,055,840.0,"0,01%",732,571.654.153,84.682.269
400,RPAD5,ALFA HOLDING,695,"5,72%","6,31%",,,101.0,886,055,840.0,"8,26%",434,571.654.153,84.682.269
401,RPAD6,ALFA HOLDING,637,"5,72%","6,31%",,,101.0,813,051,840.0,"0,01%",957,571.654.153,84.682.269
402,RPMG3,PET MANGUINH,163,"23,46%","24,08%","-19,13%","-18,63%",-120.0,-012,-003,-12.0,"0,00%",21.493,110.337.355,67.691.629
403,RRRP3,3R PETROLEUM,3219,"5,64%","3,00%","7,41%","15,74%",158.0,5119,151,2493.0,"0,00%",222.160.946,6.537.390.874,203.087.632
404,RSID3,ROSSI RESID,299,"113,57%","48,23%","1.181,84%","970,02%",-104.0,-014,-005,-177.0,"0,00%",128.306,59.800.000,20.000.000
405,RSUL3,RIOSULENSE,,"83,02%","59,98%","17,00%","26,20%",276.0,,,351.0,,0,392.014.445,5.938.713
406,RSUL4,RIOSULENSE,6601,"83,02%","59,98%","17,00%","26,20%",276.0,586,274,351.0,"3,02%",93.285,392.014.445,5.938.713
407,SAPR11,SANEPAR,1902,"13,86%","13,86%","20,30%","31,52%",188.0,499,065,534.0,"7,93%",18.733.511,5.682.132.741,1.511.205.519
408,SAPR3,SANEPAR,368,"13,86%","13,86%","20,30%","31,52%",188.0,483,063,534.0,"7,59%",994.472,5.682.132.741,1.511.205.519
409,SAPR4,SANEPAR,380,"13,86%","13,86%","20,30%","31,52%",188.0,499,065,534.0,"8,09%",7.551.934,5.682.132.741,1.511.205.519
410,SBFG3,GRUPO SBF,847,"8,69%","8,83%","3,27%","6,42%",337.0,1008,086,1029.0,"1,39%",20.033.025,2.063.259.289,243.596.138
411,SBSP3,SABESP,5137,"10,44%","11,94%","14,15%","21,06%",211.0,1125,128,1088.0,"1,84%",161.073.567,35.111.901.971,683.509.869
412,SCAR3,SAO CARLOS,1617,"4,41%","-5,44%","-21,53%","38,93%",228.0,-1126,063,1788.0,"0,89%",283.329,933.612.448,57.737.319
413,SEER3,SER EDUCA,314,"-1,24%","-16,45%","-13,25%","-1,45%",240.0,-182,033,-3835.0,"0,00%",2.454.254,404.185.698,128.721.560
414,SEQL3,SEQUOIA LOG,187,"4,56%","-19,39%","-5,92%","3,35%",360.0,-246,052,1683.0,"0,00%",17.383.362,263.112.764,140.702.013
415,SGPS3,SPRINGS,093,"-5,71%","-55,79%","-31,40%","-7,26%",380.0,-010,008,-808.0,"0,00%",171.078,46.500.000,50.000.000
416,SHOW3,TIME FOR FUN,160,"14,41%","-6,76%","-2,57%","10,41%",423.0,-1279,094,49.0,"0,00%",530.435,107.860.206,67.412.629
417,SHUL3,SCHULZ,2776,"19,98%","26,69%","12,90%","18,11%",225.0,3675,890,1404.0,"0,00%",0,5.135.854.017,357.374.780
418,SHUL4,SCHULZ,438,"19,98%","26,69%","12,90%","18,11%",225.0,580,140,1404.0,"6,41%",1.867.240,5.135.854.017,357.374.780
419,SIMH3,SIMPAR,801,"11,95%","16,49%","3,86%","20,99%",961.0,714,120,661.0,"8,16%",29.554.618,6.715.647.351,838.407.909
420,SLCE3,SLC AGRICOLA,4581,"34,05%","30,83%","13,94%","26,12%",320.0,728,199,477.0,"6,06%",64.156.738,9.731.079.260,212.422.599
421,SLED3,SARAIVA LIVR,737,"-73,63%","-27,35%","133,71%","218,72%",-42.0,061,-020,44.0,"0,00%",18.803,15.707.171,9.635.040
422,SLED4,SARAIVA LIVR,120,"-73,63%","-27,35%","133,71%","218,72%",-42.0,010,-003,44.0,"0,00%",48.632,15.707.171,9.635.040
423,SMFT3,SMART FIT,1427,"-0,13%","-2,07%","-8,27%","-0,93%",274.0,-9354,199,-87724.0,"0,00%",25.070.024,8.365.677.464,586.242.289
424,SMTO3,SAO MARTINHO,2934,"16,45%","20,49%","17,30%","35,22%",313.0,954,179,786.0,"3,86%",60.085.126,10.386.692.393,354.011.329
425,SNSY3,SANSUY,435,"0,73%","17,52%","-34,90%","-1,34%",-27.0,-012,-002,-1315.0,"0,00%",1.222,25.375.516,7.716.400
426,SNSY5,SANSUY,272,"0,73%","17,52%","-34,90%","-1,34%",-27.0,-007,-001,-1315.0,"0,00%",2.102,25.375.516,7.716.400
427,SNSY6,SANSUY,1151,"0,73%","17,52%","-34,90%","-1,34%",-27.0,-031,-005,-1315.0,"0,00%",0,25.375.516,7.716.400
428,SOJA3,BOA SAFRA,1145,"30,08%","36,63%","9,90%","10,53%",151.0,765,140,698.0,"0,95%",2.411.613,1.341.256.733,117.140.326
429,SOMA3,GRUPO SOMA,840,"5,31%","4,61%","6,88%","9,17%",142.0,1967,089,1669.0,"1,08%",73.747.990,6.591.877.933,784.747.373
430,SOND3,SONDOTECNICA,4008,"34,40%","22,31%","10,11%","15,59%",152.0,687,157,265.0,"0,00%",0,88.992.412,2.457.900
431,SOND5,SONDOTECNICA,3600,"34,40%","22,31%","10,11%","15,59%",152.0,617,141,265.0,"18,43%",1.571,88.992.412,2.457.900
432,SOND6,SONDOTECNICA,3235,"34,40%","22,31%","10,11%","15,59%",152.0,554,127,265.0,"0,00%",299,88.992.412,2.457.900
433,SQIA3,SINQIA,1605,"6,20%","2,49%","2,85%","9,91%",201.0,8040,211,2504.0,"0,41%",8.693.780,1.411.468.651,87.941.972
434,STBP3,SANTOS BRP,886,"23,92%","19,92%","22,23%","31,20%",200.0,1783,366,1224.0,"6,99%",40.293.060,7.656.549.469,864.170.369
435,STKF3,STATKRAFT,,"7,69%","9,02%","27,59%","33,88%",159.0,,,,,0,,454.331.401
436,SUZB3,SUZANO S.A.,4220,"21,94%","96,79%","46,95%","44,60%",522.0,239,168,510.0,"5,66%",239.594.675,55.877.763.353,1.324.117.615
437,SYNE3,SYN PROP TEC,347,"3,59%","-1,23%","-6,94%","30,12%",168.0,-1608,021,853.0,"15,10%",1.292.680,529.676.224,152.644.445
438,TAEE11,TAESA,3470,"17,30%","21,87%","55,39%","93,30%",251.0,825,182,778.0,"17,84%",81.272.536,11.928.031.475,1.033.496.721
439,TAEE3,TAESA,1155,"17,30%","21,87%","55,39%","93,30%",251.0,824,182,778.0,"17,86%",2.134.569,11.928.031.475,1.033.496.721
440,TAEE4,TAESA,1153,"17,30%","21,87%","55,39%","93,30%",251.0,822,181,778.0,"17,89%",4.576.387,11.928.031.475,1.033.496.721
441,TASA3,TAURUS ARMAS,1654,"51,36%","58,38%","20,47%","29,95%",245.0,403,205,302.0,"9,82%",510.844,2.116.986.492,126.634.434
442,TASA4,TAURUS ARMAS,1682,"51,36%","58,38%","20,47%","29,95%",245.0,410,208,302.0,"9,66%",9.642.508,2.116.986.492,126.634.434
443,TCNO3,TECNOSOLO,120,"-3,50%","322,38%",,,-65257.0,-681,-840,-3451.0,"0,00%",0,6.451.073,6.620.338
444,TCNO4,TECNOSOLO,085,"-3,50%","322,38%",,,-65257.0,-482,-595,-3451.0,"0,00%",0,6.451.073,6.620.338
445,TCSA3,TECNISA,300,"1,82%","0,36%","0,97%","9,55%",247.0,9603,036,2948.0,"0,00%",391.824,220.857.690,73.619.230
446,TECN3,TECHNOS,313,"11,73%","11,51%","11,37%","15,83%",185.0,570,062,434.0,"2,62%",1.375.214,227.570.453,72.706.215
447,TEGA3,TEGRA INCORP,,"5,21%","7,72%","12,85%","10,67%",161.0,,,,,0,,334.150.965
448,TEKA3,TEKA,823,"8,24%","8,69%","-60,00%","-40,46%",-59.0,-003,000,-473.0,"0,00%",0,6.762.542,503.155
449,TEKA4,TEKA,1605,"8,24%","8,69%","-60,00%","-40,46%",-59.0,-005,000,-473.0,"0,00%",10.816,6.762.542,503.155
450,TELB3,TELEBRAS,1546,"-2,18%","-8,26%","-36,72%","-10,84%",263.0,-1046,080,-619.0,"0,00%",28.752,1.254.857.761,86.383.090
451,TELB4,TELEBRAS,1108,"-2,18%","-8,26%","-36,72%","-10,84%",263.0,-749,058,-619.0,"0,00%",103.536,1.254.857.761,86.383.090
452,TEND3,TENDA,506,"-13,13%","-57,58%","-23,03%","-13,09%",444.0,-095,074,-423.0,"0,00%",18.950.569,527.981.885,104.344.246
453,TFCO4,TRACK FIELD,1064,"32,67%","32,36%","17,00%","22,07%",177.0,10471,3076,636.0,"2,03%",1.666.431,766.004.073,949.244.239
454,TGMA3,TEGMA,1910,"22,32%","22,05%","11,65%","14,68%",149.0,790,164,609.0,"5,87%",3.446.881,1.260.655.677,66.002.915
455,TIMS3,TIM,1315,"20,81%","13,16%","7,76%","14,68%",222.0,1905,125,1015.0,"3,79%",94.799.456,31.833.577.834,2.420.804.398
456,TKNO3,TEKNO,,"19,71%","15,23%","12,42%","16,92%",135.0,,,247.0,,0,163.155.617,2.947.810
457,TKNO4,TEKNO,5535,"19,71%","15,23%","12,42%","16,92%",135.0,427,062,247.0,"11,18%",2.244,163.155.617,2.947.810
458,TOTS3,TOTVS,2840,"10,12%","11,54%","13,80%","16,90%",227.0,3350,382,2582.0,"1,09%",127.584.880,17.528.002.340,617.183.181
459,TPIS3,TRIUNFO PART,084,"9,43%","0,69%","0,57%","21,84%",325.0,2329,016,714.0,"2,22%",360.851,147.840.000,176.000.000
460,TRAD3,TC,105,"-15,67%","-14,30%","-99,44%","-110,13%",107.0,-359,055,-124.0,"0,02%",2.007.797,294.154.495,280.147.138
461,TRIS3,TRISUL,331,"5,53%","5,41%","9,17%","15,01%",191.0,886,047,1062.0,"6,64%",2.767.746,617.704.051,186.617.538
462,TRPL3,TRAN PAULIST,2849,"14,92%","14,81%","42,56%","64,04%",195.0,809,114,665.0,"3,73%",45.728,16.410.015.912,658.883.304
463,TRPL4,TRAN PAULIST,2260,"14,92%","14,81%","42,56%","64,04%",195.0,642,090,665.0,"4,70%",44.684.478,16.410.015.912,658.883.304
464,TTEN3,3TENTOS,1183,"15,47%","22,60%","8,29%","7,81%",207.0,1032,209,1137.0,"1,10%",12.241.111,5.894.861.164,498.297.647
465,TUPY3,TUPY,2360,"13,17%","17,36%","4,93%","7,71%",307.0,678,112,690.0,"1,91%",15.334.487,3.402.589.000,144.177.500
466,TXRX3,TEX RENAUX,870,"-85,06%","-0,34%","0,53%","15,09%",-70.0,3300,-011,1032.0,"0,00%",147,20.968.373,4.259.281
467,TXRX4,TEX RENAUX,296,"-85,06%","-0,34%","0,53%","15,09%",-70.0,1123,-004,1032.0,"0,00%",10.827,20.968.373,4.259.281
468,UCAS3,UNICASA,250,"13,68%","18,48%","13,41%","10,62%",159.0,501,088,564.0,"7,26%",99.026,165.215.910,66.086.364
469,UGPA3,ULTRAPAR,1489,"12,49%","16,25%","1,28%","2,33%",333.0,902,136,709.0,"3,44%",91.061.061,16.605.391.893,1.115.204.291
470,UNIP3,UNIPAR,6990,"63,11%","57,06%","18,35%","32,74%",262.0,544,308,310.0,"18,15%",1.696.903,7.391.976.444,103.876.158
471,UNIP5,UNIPAR,8578,"63,11%","57,06%","18,35%","32,74%",262.0,668,378,310.0,"16,27%",21.828,7.391.976.444,103.876.158
472,UNIP6,UNIPAR,7136,"63,11%","57,06%","18,35%","32,74%",262.0,556,315,310.0,"19,55%",17.579.058,7.391.976.444,103.876.158
473,UPKP3B,UPTICK,,"29,57%","29,88%",,,100.0,,,,,0,,52.437.003
474,USIM3,USIMINAS,810,"8,50%","8,33%","6,45%","8,21%",158.0,485,039,414.0,"7,06%",2.988.815,9.909.585.144,1.253.079.108
475,USIM5,USIMINAS,766,"8,50%","8,33%","6,45%","8,21%",158.0,459,037,414.0,"8,21%",101.390.951,9.909.585.144,1.253.079.108
476,USIM6,USIMINAS,1799,"8,50%","8,33%","6,45%","8,21%",158.0,1077,087,414.0,"3,50%",223,9.909.585.144,1.253.079.108
477,VALE3,VALE,8060,"33,75%","49,16%","42,53%","39,88%",243.0,380,188,451.0,"7,06%",1.770.714.716,365.844.009.981,4.539.007.580
478,VAMO3,VAMOS,1385,"16,23%","21,30%","13,61%","32,79%",428.0,2124,390,1239.0,"1,89%",43.933.848,14.201.761.885,1.025.397.970
479,VBBR3,VIBRA,1460,"14,11%","12,33%","0,85%","2,18%",301.0,1107,135,764.0,"5,86%",143.864.883,17.009.000.000,1.165.000.000
480,VIIA3,VIA,203,"7,81%","-6,26%","-1,11%","3,76%",649.0,-949,061,913.0,"0,00%",152.753.960,3.244.815.517,1.598.431.289
481,VITT3,VITTIA,1145,"23,01%","27,66%","17,33%","21,30%",169.0,1111,282,996.0,"3,19%",2.632.517,1.637.912.275,143.049.107
482,VIVA3,VIVARA S.A.,2251,"21,10%","23,66%","19,57%","20,41%",180.0,1473,321,1389.0,"0,24%",34.680.935,5.316.811.780,236.197.769
483,VIVR3,VIVER,035,"-78,42%","6,55%","-10,27%","-37,37%",-182.0,-656,-045,-690.0,"0,00%",2.233.446,82.174.572,234.784.492
484,VIVT3,TELEF BRASIL,4038,"7,55%","5,86%","8,45%","13,73%",170.0,1655,098,1276.0,"7,52%",89.273.902,67.174.420.798,1.663.556.731
485,VLID3,VALID,1008,"12,84%","2,83%","1,94%","16,10%",223.0,2260,065,432.0,"2,61%",2.406.626,824.910.660,81.836.375
486,VSPT3,FER C ATLANT,,"-47,50%","-78,12%","-83,37%","-59,38%",232.0,,,,,0,,142.807.803
487,VSPT4,FER C ATLANT,,"-47,50%","-78,12%","-83,37%","-59,38%",232.0,,,,,0,,142.807.803
488,VSTE3,VESTE,1600,"17,61%","27,13%","5,19%","20,06%",764.0,3283,194,955.0,"0,00%",430.315,1.814.830.784,113.426.924
489,VULC3,VULCABRAS,1239,"23,06%","30,63%","18,52%","17,48%",147.0,648,178,736.0,"2,99%",4.831.889,3.046.902.263,245.916.244
490,VVEO3,VIVEO,1688,"10,38%","11,72%","2,97%","5,87%",371.0,1860,212,1197.0,"2,57%",4.435.911,4.829.762.317,286.123.360
491,WEGE3,WEG,3974,"29,28%","29,21%","14,29%","16,89%",178.0,3904,1094,3272.0,"1,39%",256.364.089,166.801.417.241,4.197.317.998
492,WEST3,WESTWING,105,"-22,89%","-16,19%","-21,13%","-32,81%",136.0,-214,038,14.0,"0,00%",194.197,115.873.563,110.355.774
493,WHRL3,WHIRLPOOL,443,"22,88%","19,51%","3,88%","6,99%",410.0,1590,305,836.0,"4,22%",8.423,6.704.750.518,1.502.786.006
494,WHRL4,WHIRLPOOL,453,"22,88%","19,51%","3,88%","6,99%",410.0,1626,312,836.0,"4,54%",33.475,6.704.750.518,1.502.786.006
495,WIZC3,WIZ CO,582,"30,82%","24,88%","22,46%","37,65%",261.0,437,103,287.0,"10,10%",2.780.004,930.660.381,159.907.282
496,WLMM3,WLM IND COM,2200,"24,93%","20,14%","5,94%","7,75%",127.0,683,129,559.0,"0,00%",68,829.895.743,36.414.670
497,WLMM4,WLM IND COM,2345,"24,93%","20,14%","5,94%","7,75%",127.0,728,137,559.0,"4,67%",18.813,829.895.743,36.414.670
498,YDUQ3,YDUQS PART,811,"7,37%","-1,79%","-1,21%","13,53%",306.0,-4521,085,1095.0,"1,56%",38.276.692,2.506.710.582,309.088.851
499,ZAMP3,ZAMP S.A.,431,"3,98%","-3,65%","-1,53%","2,65%",260.0,-2127,080,1738.0,"0,00%",5.665.529,1.186.781.977,275.355.447
